{"font_size":8,"imageW":128,"imageH":128,"spread":2,"noFilter":1,"channels":1,"char_infos":[{"c":32,"xpad":4},{"c":33,"x0":92,"y0":2,"yoffs":1,"xpad":1,"w":1,"h":5},{"c":34,"x0":42,"y0":63,"yoffs":1,"xpad":1,"w":3,"h":2},{"c":35,"x0":98,"y0":2,"yoffs":1,"xpad":1,"w":5,"h":5},{"c":36,"x0":38,"y0":2,"yoffs":1,"xpad":1,"w":4,"h":6},{"c":37,"x0":108,"y0":2,"yoffs":1,"xpad":1,"w":5,"h":5},{"c":38,"x0":118,"y0":2,"yoffs":1,"xpad":1,"w":5,"h":5},{"c":39,"x0":50,"y0":63,"yoffs":1,"xpad":1,"w":1,"h":2},{"c":40,"x0":2,"y0":14,"yoffs":1,"xpad":1,"w":2,"h":5},{"c":41,"x0":9,"y0":14,"yoffs":1,"xpad":1,"w":2,"h":5},{"c":42,"x0":2,"y0":63,"yoffs":1,"xpad":1,"w":3,"h":3},{"c":43,"x0":10,"y0":63,"yoffs":2,"xpad":1,"w":3,"h":3},{"c":44,"x0":56,"y0":62,"yoffs":5,"xpad":1,"w":2,"h":2},{"c":45,"x0":87,"y0":62,"yoffs":3,"xpad":1,"w":3,"h":1},{"c":46,"x0":95,"y0":62,"yoffs":5,"xpad":1,"w":1,"h":1},{"c":47,"x0":16,"y0":14,"yoffs":1,"xpad":1,"w":5,"h":5},{"c":48,"x0":26,"y0":14,"yoffs":1,"xpad":1,"w":4,"h":5},{"c":49,"x0":35,"y0":14,"yoffs":1,"xpad":1,"w":2,"h":5},{"c":50,"x0":42,"y0":13,"yoffs":1,"xpad":1,"w":4,"h":5},{"c":51,"x0":51,"y0":13,"yoffs":1,"xpad":1,"w":4,"h":5},{"c":52,"x0":60,"y0":13,"yoffs":1,"xpad":1,"w":4,"h":5},{"c":53,"x0":69,"y0":13,"yoffs":1,"xpad":1,"w":4,"h":5},{"c":54,"x0":78,"y0":13,"yoffs":1,"xpad":1,"w":4,"h":5},{"c":55,"x0":87,"y0":13,"yoffs":1,"xpad":1,"w":4,"h":5},{"c":56,"x0":96,"y0":12,"yoffs":1,"xpad":1,"w":4,"h":5},{"c":57,"x0":105,"y0":12,"yoffs":1,"xpad":1,"w":4,"h":5},{"c":58,"x0":18,"y0":63,"yoffs":2,"xpad":1,"w":1,"h":3},{"c":59,"x0":117,"y0":42,"yoffs":2,"xpad":1,"w":1,"h":4},{"c":60,"x0":114,"y0":12,"yoffs":1,"xpad":1,"w":3,"h":5},{"c":61,"x0":24,"y0":63,"yoffs":2,"xpad":1,"w":3,"h":3},{"c":62,"x0":122,"y0":12,"yoffs":1,"xpad":1,"w":3,"h":5},{"c":63,"x0":2,"y0":24,"yoffs":1,"xpad":1,"w":4,"h":5},{"c":64,"x0":11,"y0":24,"yoffs":1,"xpad":1,"w":5,"h":5},{"c":65,"x0":21,"y0":24,"yoffs":1,"xpad":1,"w":4,"h":5},{"c":66,"x0":30,"y0":24,"yoffs":1,"xpad":1,"w":4,"h":5},{"c":67,"x0":39,"y0":24,"yoffs":1,"xpad":1,"w":3,"h":5},{"c":68,"x0":47,"y0":23,"yoffs":1,"xpad":1,"w":4,"h":5},{"c":69,"x0":56,"y0":23,"yoffs":1,"xpad":1,"w":3,"h":5},{"c":70,"x0":64,"y0":23,"yoffs":1,"xpad":1,"w":3,"h":5},{"c":71,"x0":72,"y0":23,"yoffs":1,"xpad":1,"w":4,"h":5},{"c":72,"x0":81,"y0":23,"yoffs":1,"xpad":1,"w":4,"h":5},{"c":73,"x0":90,"y0":23,"yoffs":1,"xpad":1,"w":3,"h":5},{"c":74,"x0":98,"y0":22,"yoffs":1,"xpad":1,"w":4,"h":5},{"c":75,"x0":107,"y0":22,"yoffs":1,"xpad":1,"w":4,"h":5},{"c":76,"x0":116,"y0":22,"yoffs":1,"xpad":1,"w":3,"h":5},{"c":77,"x0":2,"y0":34,"yoffs":1,"xpad":1,"w":5,"h":5},{"c":78,"x0":12,"y0":34,"yoffs":1,"xpad":1,"w":4,"h":5},{"c":79,"x0":26,"y0":14,"yoffs":1,"xpad":1,"w":4,"h":5},{"c":80,"x0":21,"y0":34,"yoffs":1,"xpad":1,"w":4,"h":5},{"c":81,"x0":47,"y0":2,"yoffs":1,"xpad":1,"w":4,"h":6},{"c":82,"x0":30,"y0":34,"yoffs":1,"xpad":1,"w":4,"h":5},{"c":83,"x0":39,"y0":34,"yoffs":1,"xpad":1,"w":4,"h":5},{"c":84,"x0":48,"y0":33,"yoffs":1,"xpad":1,"w":3,"h":5},{"c":85,"x0":56,"y0":33,"yoffs":1,"xpad":1,"w":4,"h":5},{"c":86,"x0":65,"y0":33,"yoffs":1,"xpad":1,"w":4,"h":5},{"c":87,"x0":74,"y0":33,"yoffs":1,"xpad":1,"w":5,"h":5},{"c":88,"x0":84,"y0":33,"yoffs":1,"xpad":1,"w":4,"h":5},{"c":89,"x0":93,"y0":33,"yoffs":1,"xpad":1,"w":4,"h":5},{"c":90,"x0":102,"y0":32,"yoffs":1,"xpad":1,"w":3,"h":5},{"c":91,"x0":110,"y0":32,"yoffs":1,"xpad":1,"w":2,"h":5},{"c":92,"x0":117,"y0":32,"yoffs":1,"xpad":1,"w":5,"h":5},{"c":93,"x0":2,"y0":44,"yoffs":1,"xpad":1,"w":2,"h":5},{"c":94,"x0":63,"y0":62,"yoffs":1,"xpad":1,"w":3,"h":2},{"c":95,"x0":101,"y0":62,"yoffs":5,"xpad":1,"w":4,"h":1},{"c":96,"x0":71,"y0":62,"yoffs":1,"xpad":1,"w":2,"h":2},{"c":97,"x0":2,"y0":54,"yoffs":2,"xpad":1,"w":4,"h":4},{"c":98,"x0":9,"y0":44,"yoffs":1,"xpad":1,"w":4,"h":5},{"c":99,"x0":11,"y0":54,"yoffs":2,"xpad":1,"w":3,"h":4},{"c":100,"x0":18,"y0":44,"yoffs":1,"xpad":1,"w":4,"h":5},{"c":101,"x0":19,"y0":54,"yoffs":2,"xpad":1,"w":4,"h":4},{"c":102,"x0":27,"y0":44,"yoffs":1,"xpad":1,"w":3,"h":5},{"c":103,"x0":56,"y0":2,"yoffs":2,"xpad":1,"w":4,"h":6},{"c":104,"x0":35,"y0":44,"yoffs":1,"xpad":1,"w":4,"h":5},{"c":105,"x0":44,"y0":44,"yoffs":1,"xpad":1,"w":1,"h":5},{"c":106,"x0":2,"y0":2,"yoffs":1,"xpad":1,"w":2,"h":7},{"c":107,"x0":50,"y0":43,"yoffs":1,"xpad":1,"w":4,"h":5},{"c":108,"x0":59,"y0":43,"yoffs":1,"xpad":1,"w":1,"h":5},{"c":109,"x0":28,"y0":54,"yoffs":2,"xpad":1,"w":5,"h":4},{"c":110,"x0":38,"y0":54,"yoffs":2,"xpad":1,"w":4,"h":4},{"c":111,"x0":47,"y0":54,"yoffs":2,"xpad":1,"w":4,"h":4},{"c":112,"x0":65,"y0":2,"yoffs":2,"xpad":1,"w":4,"h":6},{"c":113,"x0":74,"y0":2,"yoffs":2,"xpad":1,"w":4,"h":6},{"c":114,"x0":56,"y0":53,"yoffs":2,"xpad":1,"w":3,"h":4},{"c":115,"x0":64,"y0":53,"yoffs":2,"xpad":1,"w":4,"h":4},{"c":116,"x0":65,"y0":43,"yoffs":1,"xpad":1,"w":3,"h":5},{"c":117,"x0":73,"y0":53,"yoffs":2,"xpad":1,"w":4,"h":4},{"c":118,"x0":82,"y0":53,"yoffs":2,"xpad":1,"w":4,"h":4},{"c":119,"x0":91,"y0":53,"yoffs":2,"xpad":1,"w":5,"h":4},{"c":120,"x0":101,"y0":53,"yoffs":2,"xpad":1,"w":3,"h":4},{"c":121,"x0":83,"y0":2,"yoffs":2,"xpad":1,"w":4,"h":6},{"c":122,"x0":109,"y0":52,"yoffs":2,"xpad":1,"w":4,"h":4},{"c":123,"x0":73,"y0":43,"yoffs":1,"xpad":1,"w":3,"h":5},{"c":124,"x0":59,"y0":43,"yoffs":1,"xpad":1,"w":1,"h":5},{"c":125,"x0":81,"y0":43,"yoffs":1,"xpad":1,"w":3,"h":5},{"c":126,"x0":78,"y0":62,"yoffs":1,"xpad":1,"w":4,"h":2},{"c":160,"xpad":4},{"c":181,"x0":89,"y0":43,"yoffs":2,"xpad":1,"w":4,"h":5},{"c":916,"x0":118,"y0":51,"yoffs":2,"xpad":1,"w":5,"h":4},{"c":9654,"x0":98,"y0":43,"yoffs":1,"xpad":1,"w":4,"h":5},{"c":9660,"x0":32,"y0":63,"yoffs":2,"xpad":1,"w":5,"h":3},{"c":9742,"x0":9,"y0":2,"yoffs":1,"xpad":1,"w":10,"h":7},{"c":9743,"x0":24,"y0":2,"yoffs":1,"xpad":1,"w":9,"h":7},{"c":65533,"x0":107,"y0":42,"yoffs":2,"xpad":1,"w":5,"h":5}]}